7_Wonders;7_wonders.jpg
10min kraak;10min_kraak.jpg
Camal up;camel_up.png
city of horror;city_of_horror.jpg
climbers;climbers.jpg
codename pictures;codenames_pictures.jpg
concept;concept.jpg
counterfeiters;counterfeiters.jpg
dale of merchants;dale_of_merchants.png
dixit;dixit.jpg
downforce;downforce.jpg
dragon flagon;dragon_flagon.png
fantasy realms;fantasy_realms.jpg
ghost fighting treasure;ghost_fightin_treasure_hunters.jpg
gizmos;gizmos.jpg
keep talking and nobody explodes;keep_talking_and_nobody_explodes.jpg
lemming mafias;lemming_mafias.jpg
micropolis;micropolis.png
mysterium;mysterium.png
notalone;notalone.png
pandemic;pandemic.png
roborally;roborally.jpg
spyfall;spyfall.jpg
the estates;the_estates.jpg
